timestamp_utc,gpu_name,vram_gb,class,region,country,offers_n,price_min,price_p10,price_p25,price_median,price_p75,price_p90,price_max,cheapest_dph_total,cheapest_num_gpus,cheapest_machine_id,cheapest_geo,flops_per_dollar_med,dlperf_per_dollar_med
2026-08-17T15:13:40Z,RTX 4090,24,low,AS,CN,19,0.283,0.3577,0.3674,0.3738,0.3753,0.381,0.3819,0.283,1,136786,"Henan, CN",217.7369,236.0559
2026-08-17T15:13:40Z,RTX 4090,24,low,NA,US,44,0.2815,0.3471,0.3622,0.3896,0.5181,0.6504,0.7356,1.1259,4,144279,"California, US",209.0643,206.9081
2026-08-17T15:13:40Z,RTX 4090,24,low,EU,SE,46,0.2944,0.3352,0.3619,0.417,0.5326,0.5637,0.6696,0.5889,2,11230,"Sweden, SE",197.9409,222.9184
2026-08-17T15:13:40Z,RTX 4090,24,low,OTHER,TR,4,0.3211,0.3513,0.3966,0.4223,0.447,0.4915,0.5211,0.6422,2,20655,"Türkiye, TR",195.7707,185.6839
2026-08-17T15:13:40Z,RTX 4090,24,low,SA,BR,1,0.3211,0.3211,0.3211,0.3211,0.3211,0.3211,0.3211,0.6422,2,19565,"Brazil, BR",254.706,249.1911
2026-08-17T15:13:40Z,RTX 3090,24,low,NA,US,24,0.0981,0.1219,0.1351,0.1622,0.1932,0.2419,2.6678,0.1963,2,138174,", US",230.5285,253.7736
2026-08-17T15:13:40Z,RTX 3090,24,low,AS,HK,11,0.1472,0.1478,0.1489,0.1646,0.1737,0.1756,0.2022,0.5889,4,60818,"Hong Kong, HK",214.6764,254.531
2026-08-17T15:13:40Z,RTX 3090,24,low,OC,NZ,2,0.1474,0.1474,0.1475,0.1478,0.1477,0.1477,0.1478,0.4422,3,147028,"New Zealand, NZ",242.6633,303.2304
2026-08-17T15:13:40Z,RTX 3090,24,low,EU,BG,25,0.1422,0.159,0.1756,0.2015,0.2661,0.2684,0.3385,0.1422,1,49903,"Bulgaria, BG",175.6821,222.2968
2026-08-17T15:13:40Z,RTX 3090,24,low,OTHER,KW,3,0.1489,0.1513,0.155,0.1611,0.1617,0.162,0.1622,0.1489,1,19748,"Kuwait, KW",218.8959,275.2355
2026-08-17T15:13:40Z,RTX 3090,24,low,AF,ZA,1,0.1615,0.1615,0.1615,0.1615,0.1615,0.1615,0.1615,0.1615,1,8366,"South Africa, ZA",219.9538,276.1038
2026-08-17T15:13:40Z,RTX 3090,24,low,SA,AR,1,0.1539,0.1539,0.1539,0.1539,0.1539,0.1539,0.1539,0.6156,4,39759,"Argentina, AR",230.8059,179.1247
2026-08-17T15:13:40Z,RTX 3090 Ti,24,low,NA,CA,2,0.2022,0.2036,0.2056,0.2156,0.2122,0.2142,0.2156,0.2022,1,78743,"Quebec, CA",179.9247,228.4266
2026-08-17T15:13:40Z,RTX 3090 Ti,24,low,AS,TH,2,0.2156,0.2158,0.2161,0.2178,0.2172,0.2176,0.2178,0.4311,2,141336,"Thailand, TH",168.7953,212.4166
2026-08-17T15:13:40Z,RTX 3090 Ti,24,low,EU,SK,1,0.2824,0.2824,0.2824,0.2824,0.2824,0.2824,0.2824,0.2824,1,139304,"Slovakia, SK",127.9409,162.7015
2026-08-17T15:13:40Z,A10,24,low,NA,US,5,0.2007,0.201,0.2015,0.2407,0.2413,0.2421,0.2427,0.4015,2,26600,"Minnesota, US",103.8523,120.6688
2026-08-17T15:13:40Z,A10,24,low,EU,NL,2,0.2413,0.2415,0.2417,0.2427,0.2423,0.2425,0.2427,0.4827,2,37444,"The Netherlands, NL",103.5654,120.6471
2026-08-17T15:13:40Z,L4,24,low,NA,US,3,0.2015,0.223,0.2554,0.3093,0.3106,0.3113,0.3119,0.2015,1,146548,"Iowa, US",78.3548,81.8788
2026-08-17T15:13:40Z,L4,24,low,EU,IS,7,0.3339,0.3342,0.3344,0.3344,0.3356,0.3356,0.3356,1.3356,4,27440,"Iceland, IS",72.4543,75.7573
2026-08-17T15:13:40Z,RTX A6000,48,baseline,NA,CA,4,0.4296,0.4332,0.4385,0.4467,0.4528,0.4638,0.4711,0.4296,1,3624,"Quebec, CA",81.8307,123.3477
2026-08-17T15:13:40Z,RTX A6000,48,baseline,EU,RO,4,0.4806,0.4807,0.481,0.4822,0.4919,0.5094,0.5211,1.9222,4,10958,"Romania, RO",75.0902,104.9681
2026-08-17T15:13:40Z,RTX 6000Ada,48,baseline,EU,PL,4,0.4939,0.5339,0.5939,0.6278,0.6281,0.6286,0.6289,1.9756,4,60235,"Poland, PL",129.7717,179.9077
2026-08-17T15:13:40Z,RTX 6000Ada,48,baseline,NA,US,2,0.5218,0.5486,0.5887,0.7896,0.7227,0.7628,0.7896,0.5218,1,140925,"Oklahoma, US",155.9969,216.8028
2026-08-17T15:13:40Z,RTX 6000Ada,48,baseline,OTHER,TR,4,0.6006,0.6006,0.6007,0.6011,0.6012,0.6014,0.6015,2.4022,4,30262,"Türkiye, TR",135.4922,187.8678
2026-08-17T15:13:40Z,RTX 6000Ada,48,baseline,AS,JP,2,0.6689,0.6755,0.6854,0.7348,0.7183,0.7282,0.7348,0.6689,1,120887,"Japan, JP",121.6879,168.8927
2026-08-17T15:13:40Z,L40S,48,baseline,EU,FI,3,0.7352,0.7486,0.7687,0.8022,0.803,0.8034,0.8037,1.4704,2,27442,"Finland, FI",91.3533,118.5909
2026-08-17T15:13:40Z,L40S,48,baseline,AS,TW,5,0.8004,0.8005,0.8007,0.8007,0.8015,0.8015,0.8015,3.2015,4,39568,"Taiwan, TW",91.5223,116.8157
2026-08-17T15:13:40Z,L40,48,baseline,,,0,,,,,,,,,,,,,
2026-08-17T15:13:40Z,A100,40,baseline,EU,SE,17,0.6563,0.6774,0.7226,0.8015,1.0011,1.0022,1.0427,0.6563,1,59030,"Sweden, SE",19.4558,118.8787
2026-08-17T15:13:40Z,A100,40,baseline,AS,JP,11,0.604,0.6547,0.7291,0.952,1.2384,1.5691,1.5702,0.604,1,141396,"Japan, JP",16.3797,106.5483
2026-08-17T15:13:40Z,A100,40,baseline,NA,CA,17,0.5896,0.812,0.8413,0.8681,0.9348,1.668,1.6693,0.5896,1,38675,"Alberta, CA",17.9618,109.6238
2026-08-17T15:13:40Z,RTX 5090,32,baseline,NA,US,38,0.2981,0.3439,0.3607,0.5259,0.6683,1.0675,1.3284,0.5963,2,144172,", US",212.0412,326.7644
2026-08-17T15:13:40Z,RTX 5090,32,baseline,EU,GB,25,0.3607,0.4684,0.4862,0.535,0.9209,1.0699,1.6704,0.7215,2,140782,"United Kingdom, GB",204.0011,303.3661
2026-08-17T15:13:40Z,RTX 5090,32,baseline,OC,NZ,1,0.4778,0.4778,0.4778,0.4778,0.4778,0.4778,0.4778,0.4778,1,55898,"New Zealand, NZ",225.1705,416.8034
2026-08-17T15:13:40Z,RTX 5090,32,baseline,AS,JP,14,0.2939,0.4097,0.4288,0.4689,0.5213,0.7702,1.0006,1.1756,4,36567,"Japan, JP",237.9973,375.9982
2026-08-17T15:13:40Z,RTX 5090,32,baseline,OTHER,NP,1,0.4274,0.4274,0.4274,0.4274,0.4274,0.4274,0.4274,0.4274,1,143630,"Nepal, NP",252.9289,465.5998
2026-08-17T15:13:40Z,RTX PRO 6000,96,baseline,NA,US,34,0.943,1.0684,1.2009,1.2055,1.7173,1.7359,2.0754,0.943,1,69499,", US",98.6929,171.5841
2026-08-17T15:13:40Z,RTX PRO 6000,96,baseline,AS,JP,10,0.9963,1.1096,1.1479,1.4669,1.4676,1.4888,1.6678,0.9963,1,144366,"Japan, JP",98.9604,219.6684
2026-08-17T15:13:40Z,RTX PRO 6000,96,baseline,EU,GB,18,1.1276,1.1692,1.2228,1.4009,1.5112,1.6454,1.8384,1.1276,1,99228,"United Kingdom, GB",78.8961,187.3522
2026-08-17T15:13:40Z,RTX PRO 6000,96,baseline,OC,AU,1,1.4544,1.4544,1.4544,1.4544,1.4544,1.4544,1.4544,2.9089,2,36726,"Australia, AU",64.3275,167.7905
2026-08-17T15:13:40Z,RTX PRO 5000,32,baseline,EU,SK,6,0.6156,0.617,0.6278,0.7348,0.7776,0.8273,0.8628,0.6156,1,126901,"Slovakia, SK",106.1871,252.4711
2026-08-17T15:13:40Z,RTX PRO 5000,32,baseline,AS,IN,3,0.563,0.5841,0.6159,0.6689,0.6689,0.6689,0.6689,0.563,1,144566,"India, IN",104.0704,247.7629
2026-08-17T15:13:40Z,RTX PRO 5000,32,baseline,NA,US,1,0.6422,0.6422,0.6422,0.6422,0.6422,0.6422,0.6422,0.6422,1,142694,"Texas, US",108.3916,257.6322
2026-08-17T15:13:40Z,RTX 5880Ada,48,baseline,EU,GB,2,0.6019,0.602,0.6023,0.6037,0.6032,0.6035,0.6037,1.2037,2,142658,"United Kingdom, GB",116.2237,177.4695
2026-08-17T15:13:40Z,RTX 5880Ada,48,baseline,AS,CN,2,0.4144,0.4145,0.4146,0.4154,0.4151,0.4153,0.4154,0.8287,2,37509,"Sichuan, CN",168.809,265.9368
2026-08-17T15:13:40Z,H100,80,highend,AS,AE,12,1.8689,2.0003,2.001,2.1344,2.763,3.0717,3.316,1.8689,1,145702,"United Arab Emirates, AE",19.2017,119.5672
2026-08-17T15:13:40Z,H100,80,highend,EU,NL,1,2.2015,2.2015,2.2015,2.2015,2.2015,2.2015,2.2015,2.2015,1,25317,"The Netherlands, NL",24.3139,127.5061
2026-08-17T15:13:40Z,H100,80,highend,NA,US,8,1.7344,1.7344,1.7344,2.1356,3.0643,4.2222,4.4738,3.4689,2,59378,"Washington, US",30.8411,131.7421
2026-08-17T15:13:40Z,H200,141,highend,OTHER,SA,1,3.9357,3.9357,3.9357,3.9357,3.9357,3.9357,3.9357,3.9357,1,131697,"Saudi Arabia, SA",13.6004,125.2648
2026-08-17T15:13:40Z,H200,141,highend,EU,BG,6,3.6022,3.7092,3.8162,4.1647,4.1672,4.6002,5.0324,3.6022,1,35900,"Bulgaria, BG",13.3959,108.5931
2026-08-17T15:13:40Z,H200,141,highend,NA,US,2,3.6015,3.6424,3.7039,4.0111,3.9087,3.9701,4.0111,3.6015,1,147625,"New York, US",13.3986,125.6898
2026-08-17T15:13:40Z,B100,192,highend,,,0,,,,,,,,,,,,,
2026-08-17T15:13:40Z,B200,192,highend,NA,US,6,5.3135,5.595,5.8767,7.5026,8.854,9.3068,9.309,10.6271,2,56219,"Oregon, US",10.1331,71.6334
